<?xml version="1.0"?>
<mashup id="bf04985d-87d5-4971-a55d-751a7996ced8" name="AccountContactsCount">
  <processors>
    <processor type="Sage.Platform.Mashups.Processors.QueryProcessor, Sage.Platform.Mashups">
      <queryProcessor id="6aae5f73-46bb-4c45-b56a-e4ecf5b39f0a" name="getCount" location="180, 140" expanded="true" width="240" continueOnError="false" query="select count(*) as contactCount&#xD;&#xA;from Contact c&#xD;&#xA;where c.Account.Id = :EntityId">
        <parameters>
          <parameter id="b1d397e3-44c9-4c4d-a1fc-7c516f516bb5" name="EntityId" expression="EntityId" />
        </parameters>
      </queryProcessor>
    </processor>
  </processors>
  <parameters>
    <parameter id="86a10f5b-e705-459c-984e-bb526f3b648b" name="EntityId" expression="'AGHEA0002669'" />
  </parameters>
  <links />
</mashup>