<?xml version="1.0"?>
<BundleManifest id="42a00d17-2868-44de-8904-5031f66be997">
  <bundleProperties>
    <name>Jason's Mashup</name>
    <description><![CDATA[]]></description>
    <address><![CDATA[]]></address>
    <company />
    <copyright><![CDATA[]]></copyright>
    <majorVersion>0</majorVersion>
    <minorVersion>0</minorVersion>
    <revision>0</revision>
    <build>1</build>
    <autoIncrement>false</autoIncrement>
    <installDate>0001-01-01T00:00:00</installDate>
    <installPassword />
    <formatVersion>8.0.0.7368</formatVersion>
  </bundleProperties>
  <bundleItemHierarchy>
    <bundleItem modelId="af988c91-97c8-4527-b072-e021c9e2cb1a" itemTypeName="Sage.Platform.BundleModel.BundleManifestItem, Sage.Platform.BundleModel">
      <BundleManifestItem xmlns:xsi="http://www.w3.org/2001/XMLSchema-instance" xmlns:xsd="http://www.w3.org/2001/XMLSchema">
        <ItemId>42a00d17-2868-44de-8904-5031f66be997</ItemId>
        <Url>\</Url>
        <BundleItemType>Container</BundleItemType>
        <Caption>Jason's Mashup</Caption>
      </BundleManifestItem>
      <children>
        <bundleItem modelId="34c96847-aa30-3d08-8dd5-2bef95ebcfdb" itemTypeName="Sage.Platform.Mashups.AdminModule.BundleSupport.MashupModelContext, Sage.Platform.Mashups.AdminModule">
          <MashupModelContext xmlns:xsi="http://www.w3.org/2001/XMLSchema-instance" xmlns:xsd="http://www.w3.org/2001/XMLSchema">
            <ItemId>\Mashups</ItemId>
            <Url>\Mashups</Url>
            <BundleItemType>Container</BundleItemType>
            <Caption>Mashups</Caption>
          </MashupModelContext>
          <children>
            <bundleItem modelId="34c96847-aa30-3d08-8dd5-2bef95ebcfdb" itemTypeName="Sage.Platform.Mashups.AdminModule.BundleSupport.MashupBundleItem, Sage.Platform.Mashups.AdminModule">
              <MashupBundleItem xmlns:xsi="http://www.w3.org/2001/XMLSchema-instance" xmlns:xsd="http://www.w3.org/2001/XMLSchema">
                <ItemId>bf04985d-87d5-4971-a55d-751a7996ced8</ItemId>
                <Url>\Mashup Model\AccountContactsCount.mashup.xml</Url>
                <BundleItemType>ModelItem</BundleItemType>
                <Caption>AccountContactsCount</Caption>
              </MashupBundleItem>
            </bundleItem>
          </children>
        </bundleItem>
      </children>
    </bundleItem>
  </bundleItemHierarchy>
  <bundleActionHierarchy>
    <bundleItem modelId="af988c91-97c8-4527-b072-e021c9e2cb1a" itemTypeName="Sage.Platform.BundleModel.RootBundleAction, Sage.Platform.BundleModel">
      <RootBundleAction xmlns:xsi="http://www.w3.org/2001/XMLSchema-instance" xmlns:xsd="http://www.w3.org/2001/XMLSchema">
        <ItemId>\Actions</ItemId>
        <Url>\Actions</Url>
        <BundleItemType>Container</BundleItemType>
        <Caption>Bundle Actions</Caption>
      </RootBundleAction>
    </bundleItem>
  </bundleActionHierarchy>
  <itemsToDelete />
  <globalResources />
</BundleManifest>